{
  "PSNR": 41.85015295523184,
  "SSIM": 0.9928073134245696,
  "LPIPS": 0.009017397200532061
}